<?xml version="1.0" encoding="UTF-8"?>
<project-private xmlns="http://www.netbeans.org/ns/project-private/1">
    <editor-bookmarks xmlns="http://www.netbeans.org/ns/editor-bookmarks/2" lastBookmarkId="0"/>
    <open-files xmlns="http://www.netbeans.org/ns/projectui-open-files/2">
        <group>
            <file>file:/Users/avinmoosavi/Documents/Avin's%20UNI/Semester%202/Software%20Development%20Group%20Project/Coursework%202/Language%20App/src/main/Main.java</file>
            <file>file:/Users/avinmoosavi/Documents/Avin's%20UNI/Semester%202/Software%20Development%20Group%20Project/Coursework%202/Language%20App/src/main/Register.java</file>
            <file>file:/Users/avinmoosavi/Documents/Avin's%20UNI/Semester%202/Software%20Development%20Group%20Project/Coursework%202/Language%20App/src/main/Login.java</file>
            <file>file:/Users/avinmoosavi/Documents/Avin's%20UNI/Semester%202/Software%20Development%20Group%20Project/Coursework%202/Language%20App/src/main/Connector.java</file>
        </group>
    </open-files>
</project-private>
